<?xml version="1.0" encoding="UTF-8" standalone="yes"?>
<OfficeApp xmlns="http://schemas.microsoft.com/office/appforoffice/1.1"
           xmlns:xsi="http://www.w3.org/2001/XMLSchema-instance"
           xmlns:bt="http://schemas.microsoft.com/office/officeappbasictypes/1.0"
           xmlns:ov="http://schemas.microsoft.com/office/taskpaneappversionoverrides"
           xsi:type="TaskPaneApp">
  <Id>b4fa03b8-1eb6-4e8b-a380-e0476be9e019</Id>
  <Version>1.0.0.0</Version>
  <ProviderName>Contoso</ProviderName>
  <DefaultLocale>en-US</DefaultLocale>
  <DisplayName DefaultValue="Excel Graph Calendar"/>
  <Description DefaultValue="An add-in that shows how to call Microsoft Graph to access the user's calendar."/>
  <IconUrl DefaultValue="https://localhost:3000/assets/icon-32.png"/>
  <HighResolutionIconUrl DefaultValue="https://localhost:3000/assets/icon-80.png"/>
  <SupportUrl DefaultValue="https://www.contoso.com/help"/>
  <AppDomains>
    <AppDomain>https://localhost:3000</AppDomain>
  </AppDomains>
  <Hosts>
    <Host Name="Workbook"/>
  </Hosts>
  <DefaultSettings>
    <SourceLocation DefaultValue="https://localhost:3000/taskpane.html"/>
  </DefaultSettings>
  <Permissions>ReadWriteDocument</Permissions>
  <VersionOverrides xmlns="http://schemas.microsoft.com/office/taskpaneappversionoverrides" xsi:type="VersionOverridesV1_0">
    <Hosts>
      <Host xsi:type="Workbook">
        <DesktopFormFactor>
          <GetStarted>
            <Title resid="GetStarted.Title"/>
            <Description resid="GetStarted.Description"/>
            <LearnMoreUrl resid="GetStarted.LearnMoreUrl"/>
          </GetStarted>
          <ExtensionPoint xsi:type="PrimaryCommandSurface">
            <OfficeTab id="TabHome">
              <Group id="CommandsGroup">
                <Label resid="CommandsGroup.Label"/>
                <Icon>
                  <bt:Image size="16" resid="Icon.16x16"/>
                  <bt:Image size="32" resid="Icon.32x32"/>
                  <bt:Image size="80" resid="Icon.80x80"/>
                </Icon>
                <Control xsi:type="Button" id="TaskpaneButton">
                  <Label resid="TaskpaneButton.Label"/>
                  <Supertip>
                    <Title resid="TaskpaneButton.Label"/>
                    <Description resid="TaskpaneButton.Tooltip"/>
                  </Supertip>
                  <Icon>
                    <bt:Image size="16" resid="Icon.16x16"/>
                    <bt:Image size="32" resid="Icon.32x32"/>
                    <bt:Image size="80" resid="Icon.80x80"/>
                  </Icon>
                  <Action xsi:type="ShowTaskpane">
                    <TaskpaneId>ImportCalendar</TaskpaneId>
                    <SourceLocation resid="Taskpane.Url"/>
                  </Action>
                </Control>
              </Group>
            </OfficeTab>
          </ExtensionPoint>
        </DesktopFormFactor>
      </Host>
    </Hosts>
    <Resources>
      <bt:Images>
        <bt:Image id="Icon.16x16" DefaultValue="https://localhost:3000/assets/icon-16.png"/>
        <bt:Image id="Icon.32x32" DefaultValue="https://localhost:3000/assets/icon-32.png"/>
        <bt:Image id="Icon.80x80" DefaultValue="https://localhost:3000/assets/icon-80.png"/>
      </bt:Images>
      <bt:Urls>
        <bt:Url id="GetStarted.LearnMoreUrl" DefaultValue="https://docs.microsoft.com/graph"/>
        <bt:Url id="Taskpane.Url" DefaultValue="https://localhost:3000/taskpane.html"/>
      </bt:Urls>
      <bt:ShortStrings>
        <bt:String id="GetStarted.Title" DefaultValue="Get started with the Excel Graph Calendar add-in!"/>
        <bt:String id="CommandsGroup.Label" DefaultValue="Graph Calendar"/>
        <bt:String id="TaskpaneButton.Label" DefaultValue="Import Calendar"/>
      </bt:ShortStrings>
      <bt:LongStrings>
        <bt:String id="GetStarted.Description" DefaultValue="Add-in loaded succesfully. Go to the HOME tab and click the 'Import Calendar' button to get started."/>
        <bt:String id="TaskpaneButton.Tooltip" DefaultValue="Click to open the Import Calendar task pane"/>
      </bt:LongStrings>
    </Resources>
    <WebApplicationInfo>
      <Id>77fd18bf-b400-4325-ae1a-acf55a4ae458</Id>
      <Resource>api://localhost:3000/77fd18bf-b400-4325-ae1a-acf55a4ae458</Resource>
      <Scopes>
        <Scope>openid</Scope>
        <Scope>profile</Scope>
        <Scope>access_as_user</Scope>
      </Scopes>
    </WebApplicationInfo>
  </VersionOverrides>
</OfficeApp>
